Irányítószám;Megye név;Település név
8127;Fejér;Aba
8128;Fejér;Aba
5241;Jász-Nagykun-Szolnok;Abádszalók
7678;Baranya;Abaliget
3261;Heves;Abasár
3882;Borsod-Abaúj-Zemplén;Abaújalpár
3882;Borsod-Abaúj-Zemplén;Abaújkér
3815;Borsod-Abaúj-Zemplén;Abaújlak
3881;Borsod-Abaúj-Zemplén;Abaújszántó
3809;Borsod-Abaúj-Zemplén;Abaújszolnok
3898;Borsod-Abaúj-Zemplén;Abaújvár
9151;Győr-Moson-Sopron;Abda
3753;Borsod-Abaúj-Zemplén;Abod
2740;Pest;Abony
8256;Veszprém;Ábrahámhegy
2941;Komárom-Esztergom;Ács
2683;Pest;Acsa
9746;Vas;Acsád
9168;Győr-Moson-Sopron;Acsalag
2887;Komárom-Esztergom;Ácsteszér
3292;Heves;Adács
8653;Somogy;Ádánd
8561;Veszprém;Adásztevel
2457;Fejér;Adony
8497;Veszprém;Adorjánháza
7841;Baranya;Adorjás
7381;Baranya;Ág
6076;Bács-Kiskun;Ágasegyháza
9423;Győr-Moson-Sopron;Ágfalva
3759;Borsod-Abaúj-Zemplén;Aggtelek
9441;Győr-Moson-Sopron;Agyagosszergény
4524;Szabolcs-Szatmár-Bereg;Ajak
8400;Veszprém;Ajka
8447;Veszprém;Ajka
8448;Veszprém;Ajka
8451;Veszprém;Ajka
2862;Komárom-Esztergom;Aka
6221;Bács-Kiskun;Akasztó
3779;Borsod-Abaúj-Zemplén;Alacska
7011;Fejér;Alap
5142;Jász-Nagykun-Szolnok;Alattyán
2730;Pest;Albertirsa
8087;Fejér;Alcsútdoboz
3353;Heves;Aldebrő
6750;Csongrád;Algyő
8921;Zala;Alibánfa
7934;Baranya;Almamellék
2931;Komárom-Esztergom;Almásfüzitő
8935;Zala;Almásháza
5747;Békés;Almáskamarás
7932;Baranya;Almáskeresztúr
4285;Hajdú-Bihar;Álmosd
3985;Borsod-Abaúj-Zemplén;Alsóberecki
7443;Somogy;Alsóbogát
3717;Borsod-Abaúj-Zemplén;Alsódobsza
3837;Borsod-Abaúj-Zemplén;Alsógagy
7345;Baranya;Alsómocsolád
7147;Tolna;Alsónána
2351;Pest;Alsónémedi
8924;Zala;Alsónemesapáti
7148;Tolna;Alsónyék
8226;Veszprém;Alsóörs
8394;Zala;Alsópáhok
2617;Nógrád;Alsópetény
8767;Zala;Alsórajk
3989;Borsod-Abaúj-Zemplén;Alsóregmec
8973;Zala;Alsószenterzsébet
7012;Fejér;Alsószentiván
7826;Baranya;Alsószentmárton
9983;Vas;Alsószölnök
3726;Borsod-Abaúj-Zemplén;Alsószuha
3735;Borsod-Abaúj-Zemplén;Alsótelekes
3069;Nógrád;Alsótold
9842;Vas;Alsóújlak
3811;Borsod-Abaúj-Zemplén;Alsóvadász
3571;Borsod-Abaúj-Zemplén;Alsózsolca
6916;Csongrád;Ambrózfalva
4546;Szabolcs-Szatmár-Bereg;Anarcs
8675;Somogy;Andocs
3399;Heves;Andornaktálya
9811;Vas;Andrásfa
2529;Komárom-Esztergom;Annavölgy
8477;Veszprém;Apácatorna
4553;Szabolcs-Szatmár-Bereg;Apagy
2345;Pest;Apaj
7186;Tolna;Aparhant
6931;Csongrád;Apátfalva
9982;Vas;Apátistvánfalva
7720;Baranya;Apátvarasd
3032;Heves;Apc
2338;Pest;Áporka
6088;Bács-Kiskun;Apostag
4634;Szabolcs-Szatmár-Bereg;Aranyosapáti
7671;Baranya;Aranyosgadány
3885;Borsod-Abaúj-Zemplén;Arka
3663;Borsod-Abaúj-Zemplén;Arló
3713;Borsod-Abaúj-Zemplén;Arnót
3467;Borsod-Abaúj-Zemplén;Ároktő
6623;Csongrád;Árpádhalom
9132;Győr-Moson-Sopron;Árpás
4115;Hajdú-Bihar;Ártánd
6783;Csongrád;Ásotthalom
9177;Győr-Moson-Sopron;Ásványráró
3841;Borsod-Abaúj-Zemplén;Aszaló
2881;Komárom-Esztergom;Ászár
2170;Pest;Aszód
8241;Veszprém;Aszófő
7763;Baranya;Áta
3371;Heves;Átány
3213;Heves;Atkár
7252;Tolna;Attala
7757;Baranya;Babarc
7814;Baranya;Babarcszőlős
7584;Somogy;Babócsa
2943;Komárom-Esztergom;Bábolna
8658;Somogy;Bábonymegyer
8983;Zala;Babosdöbréte
9351;Győr-Moson-Sopron;Babót
6430;Bács-Kiskun;Bácsalmás
6453;Bács-Kiskun;Bácsbokod
6454;Bács-Kiskun;Bácsborsód
6511;Bács-Kiskun;Bácsszentgyörgy
6425;Bács-Kiskun;Bácsszőlős
8257;Veszprém;Badacsonytomaj
8258;Veszprém;Badacsonytomaj
8261;Veszprém;Badacsonytomaj
8262;Veszprém;Badacsonytördemic
8263;Veszprém;Badacsonytördemic
2191;Pest;Bag
4286;Hajdú-Bihar;Bagamér
8977;Zala;Baglad
8992;Zala;Bagod
9145;Győr-Moson-Sopron;Bágyogszovát
2836;Komárom-Esztergom;Baj
6500;Bács-Kiskun;Baja
6503;Bács-Kiskun;Baja
9944;Vas;Bajánsenye
2525;Komárom-Esztergom;Bajna
2533;Komárom-Esztergom;Bajót
8945;Zala;Bak
7585;Somogy;Bakháza
7393;Baranya;Bakóca
4164;Hajdú-Bihar;Bakonszeg
7675;Baranya;Bakonya
2885;Komárom-Esztergom;Bakonybánk
8427;Veszprém;Bakonybél
8056;Fejér;Bakonycsernye
8433;Győr-Moson-Sopron;Bakonygyirót
8581;Veszprém;Bakonyjákó
8571;Veszprém;Bakonykoppány
8045;Fejér;Bakonykúti
8422;Veszprém;Bakonynána
8418;Veszprém;Bakonyoszlop
9088;Győr-Moson-Sopron;Bakonypéterd
8457;Veszprém;Bakonypölöske
8557;Veszprém;Bakonyság
2861;Komárom-Esztergom;Bakonysárkány
8557;Veszprém;Bakonyszentiván
8430;Veszprém;Bakonyszentkirály
8431;Győr-Moson-Sopron;Bakonyszentlászló
2884;Komárom-Esztergom;Bakonyszombathely
8572;Veszprém;Bakonyszücs
8555;Veszprém;Bakonytamási
6768;Csongrád;Baks
7834;Baranya;Baksa
3836;Borsod-Abaúj-Zemplén;Baktakék
4561;Szabolcs-Szatmár-Bereg;Baktalórántháza
8946;Zala;Baktüttös
3780;Borsod-Abaúj-Zemplén;Balajt
2660;Nógrád;Balassagyarmat
6764;Csongrád;Balástya
3347;Heves;Balaton
8243;Veszprém;Balatonakali
8220;Veszprém;Balatonalmádi
8649;Somogy;Balatonberény
8630;Somogy;Balatonboglár
8691;Somogy;Balatonboglár
8272;Veszprém;Balatoncsicsó
8312;Veszprém;Balatonederics
8613;Somogy;Balatonendréd
8646;Somogy;Balatonfenyves
8164;Veszprém;Balatonfőkajár
8623;Somogy;Balatonföldvár
8230;Veszprém;Balatonfüred
8236;Veszprém;Balatonfüred
8175;Veszprém;Balatonfűzfő
8184;Veszprém;Balatonfűzfő
8313;Zala;Balatongyörök
8275;Veszprém;Balatonhenye
8172;Veszprém;Balatonkenese
8174;Veszprém;Balatonkenese
8648;Somogy;Balatonkeresztúr
8638;Somogy;Balatonlelle
8753;Zala;Balatonmagyaród
8647;Somogy;Balatonmáriafürdő
8637;Somogy;Balatonőszöd
8255;Veszprém;Balatonrendes
8651;Somogy;Balatonszabadi
8624;Somogy;Balatonszárszó
8636;Somogy;Balatonszemes
8710;Somogy;Balatonszentgyörgy
8252;Veszprém;Balatonszepezd
8233;Veszprém;Balatonszőlős
8242;Veszprém;Balatonudvari
8712;Somogy;Balatonújlak
8171;Veszprém;Balatonvilágos
8054;Fejér;Balinka
8055;Fejér;Balinka
4233;Szabolcs-Szatmár-Bereg;Balkány
6035;Bács-Kiskun;Ballószög
4060;Hajdú-Bihar;Balmazújváros
9771;Vas;Balogunyom
6412;Bács-Kiskun;Balotaszállás
4468;Szabolcs-Szatmár-Bereg;Balsa
8614;Somogy;Bálványos
2944;Komárom-Esztergom;Bana
8443;Veszprém;Bánd
7914;Baranya;Bánfa
3642;Borsod-Abaúj-Zemplén;Bánhorváti
2653;Nógrád;Bánk
8891;Zala;Bánokszentgyörgy
3654;Borsod-Abaúj-Zemplén;Bánréve
7711;Baranya;Bár
4937;Szabolcs-Szatmár-Bereg;Barabás
2426;Fejér;Baracs
2427;Fejér;Baracs
2471;Fejér;Baracska
4161;Hajdú-Bihar;Báránd
7841;Baranya;Baranyahidvég
7384;Baranya;Baranyajenő
7383;Baranya;Baranyaszentgyörgy
9169;Győr-Moson-Sopron;Barbacs
7557;Somogy;Barcs
7570;Somogy;Barcs
7478;Somogy;Bárdudvarnok
8948;Zala;Barlahida
3126;Nógrád;Bárna
8291;Veszprém;Barnag
2883;Komárom-Esztergom;Bársonyos
7923;Baranya;Basal
3881;Borsod-Abaúj-Zemplén;Baskó
7149;Tolna;Báta
7164;Tolna;Bátaapáti
7140;Tolna;Bátaszék
7258;Somogy;Baté
6528;Bács-Kiskun;Bátmonostor
3070;Nógrád;Bátonyterenye
3078;Nógrád;Bátonyterenye
3336;Heves;Bátor
4343;Szabolcs-Szatmár-Bereg;Bátorliget
5830;Békés;Battonya
6351;Bács-Kiskun;Bátya
8797;Zala;Batyk
8887;Zala;Bázakerettye
8352;Veszprém;Bazsi
8565;Veszprém;Béb
8866;Zala;Becsehely
2693;Nógrád;Becske
3768;Borsod-Abaúj-Zemplén;Becskeháza
8985;Zala;Becsvölgye
8666;Somogy;Bedegkér
4128;Hajdú-Bihar;Bedő
9683;Vas;Bejcgyertyános
8515;Veszprém;Békás
3903;Borsod-Abaúj-Zemplén;Bekecs
5630;Békés;Békés
5600;Békés;Békéscsaba
5623;Békés;Békéscsaba
5671;Békés;Békéscsaba
5946;Békés;Békéssámson
5561;Békés;Békésszentandrás
3343;Heves;Bekölce
3346;Heves;Bélapátfalva
7589;Somogy;Bélavár
7061;Tolna;Belecska
9343;Győr-Moson-Sopron;Beled
7543;Somogy;Beleg
8855;Zala;Belezna
5643;Békés;Bélmegyer
2455;Fejér;Beloiannisz
8978;Zala;Belsősárd
7747;Baranya;Belvárdgyula
4643;Szabolcs-Szatmár-Bereg;Benk
2216;Pest;Bénye
3045;Nógrád;Bér
9831;Vas;Bérbaltavár
2687;Nógrád;Bercel
4934;Szabolcs-Szatmár-Bereg;Beregdaróc
4933;Szabolcs-Szatmár-Bereg;Beregsurány
4116;Hajdú-Bihar;Berekböszörmény
5309;Jász-Nagykun-Szolnok;Berekfürdő
7827;Baranya;Beremend
3704;Borsod-Abaúj-Zemplén;Berente
3834;Borsod-Abaúj-Zemplén;Beret
4100;Hajdú-Bihar;Berettyóújfalu
4103;Hajdú-Bihar;Berettyóújfalu
8181;Veszprém;Berhida
8182;Veszprém;Berhida
2641;Nógrád;Berkenye
7664;Baranya;Berkesd
4521;Szabolcs-Szatmár-Bereg;Berkesz
2639;Pest;Bernecebaráti
3575;Borsod-Abaúj-Zemplén;Berzék
7516;Somogy;Berzence
7838;Baranya;Besence
4557;Szabolcs-Szatmár-Bereg;Besenyőd
3373;Heves;Besenyőtelek
5071;Jász-Nagykun-Szolnok;Besenyszög
2456;Fejér;Besnyő
4488;Szabolcs-Szatmár-Bereg;Beszterec
7782;Baranya;Bezedek
9223;Győr-Moson-Sopron;Bezenye
8934;Zala;Bezeréd
9162;Győr-Moson-Sopron;Bezi
2051;Pest;Biatorbágy
7671;Baranya;Bicsérd
2060;Fejér;Bicske
4175;Hajdú-Bihar;Bihardancsháza
4110;Hajdú-Bihar;Biharkeresztes
4172;Hajdú-Bihar;Biharnagybajom
4174;Hajdú-Bihar;Bihartorda
5538;Békés;Biharugra
7043;Tolna;Bikács
7346;Baranya;Bikal
4235;Szabolcs-Szatmár-Bereg;Biri
7747;Baranya;Birján
7811;Baranya;Bisse
9625;Vas;Bő
9542;Vas;Boba
8943;Zala;Bocfölde
3368;Heves;Boconád
3574;Borsod-Abaúj-Zemplén;Bőcs
6235;Bács-Kiskun;Bócsa
8776;Zala;Bocska
4241;Hajdú-Bihar;Bocskaikert
7672;Baranya;Boda
8053;Fejér;Bodajk
8991;Zala;Böde
8969;Zala;Bödeháza
8085;Fejér;Bodmér
7394;Baranya;Bodolyabér
9134;Győr-Moson-Sopron;Bodonhely
3243;Heves;Bodony
8471;Veszprém;Bodorfa
7439;Somogy;Bodrog
3987;Borsod-Abaúj-Zemplén;Bodroghalom
3916;Borsod-Abaúj-Zemplén;Bodrogkeresztúr
3917;Borsod-Abaúj-Zemplén;Bodrogkisfalud
3943;Borsod-Abaúj-Zemplén;Bodrogolaszi
3768;Borsod-Abaúj-Zemplén;Bódvalenke
3764;Borsod-Abaúj-Zemplén;Bódvarákó
3763;Borsod-Abaúj-Zemplén;Bódvaszilas
3412;Borsod-Abaúj-Zemplén;Bogács
7742;Baranya;Bogád
7836;Baranya;Bogádmindszent
7966;Baranya;Bogdása
9612;Vas;Bögöt
9675;Vas;Bögöte
7132;Tolna;Bogyiszló
9324;Győr-Moson-Sopron;Bogyoszló
8719;Somogy;Böhönye
4114;Hajdú-Bihar;Bojt
8741;Zala;Bókaháza
2855;Komárom-Esztergom;Bokod
4231;Szabolcs-Szatmár-Bereg;Bököny
3066;Nógrád;Bokor
7025;Tolna;Bölcske
3016;Heves;Boldog
7937;Baranya;Boldogasszonyfa
3884;Borsod-Abaúj-Zemplén;Boldogkőújfalu
3885;Borsod-Abaúj-Zemplén;Boldogkőváralja
3794;Borsod-Abaúj-Zemplén;Boldva
7517;Somogy;Bolhás
7586;Somogy;Bolhó
7754;Baranya;Bóly
8992;Zala;Boncodfölde
7281;Somogy;Bonnya
9073;Győr-Moson-Sopron;Bőny
7150;Tolna;Bonyhád
7187;Tolna;Bonyhád
7158;Tolna;Bonyhádvarasd
9152;Győr-Moson-Sopron;Börcs
6795;Csongrád;Bordány
9554;Vas;Borgáta
7756;Baranya;Borjád
6445;Bács-Kiskun;Borota
8885;Zala;Borsfa
3658;Borsod-Abaúj-Zemplén;Borsodbóta
3426;Borsod-Abaúj-Zemplén;Borsodgeszt
3462;Borsod-Abaúj-Zemplén;Borsodivánka
3671;Borsod-Abaúj-Zemplén;Borsodnádasd
3672;Borsod-Abaúj-Zemplén;Borsodnádasd
3623;Borsod-Abaúj-Zemplén;Borsodszentgyörgy
3796;Borsod-Abaúj-Zemplén;Borsodszirák
2644;Nógrád;Borsosberény
8479;Veszprém;Borszörcsök
8428;Veszprém;Borzavár
8772;Zala;Börzönce
9167;Győr-Moson-Sopron;Bősárkány
7811;Baranya;Bosta
7475;Somogy;Bőszénfa
4955;Szabolcs-Szatmár-Bereg;Botpalád
7900;Baranya;Botykapeterd
9727;Vas;Bozsok
3994;Borsod-Abaúj-Zemplén;Bózsva
9752;Vas;Bozzai
5527;Békés;Bucsa
9792;Vas;Bucsu
8925;Zala;Bucsuszentlászló
8893;Zala;Bucsuta
2093;Pest;Budajenő
2011;Pest;Budakalász
2092;Pest;Budakeszi
2040;Pest;Budaörs
1011;Főváros;Budapest
1012;Főváros;Budapest
1013;Főváros;Budapest
1014;Főváros;Budapest
1015;Főváros;Budapest
1016;Főváros;Budapest
1021;Főváros;Budapest
1022;Főváros;Budapest
1023;Főváros;Budapest
1024;Főváros;Budapest
1025;Főváros;Budapest
1026;Főváros;Budapest
1027;Főváros;Budapest
1028;Főváros;Budapest
1029;Főváros;Budapest
1031;Főváros;Budapest
1032;Főváros;Budapest
1033;Főváros;Budapest
1034;Főváros;Budapest
1035;Főváros;Budapest
1036;Főváros;Budapest
1037;Főváros;Budapest
1038;Főváros;Budapest
1039;Főváros;Budapest
1041;Főváros;Budapest
1042;Főváros;Budapest
1043;Főváros;Budapest
1044;Főváros;Budapest
1045;Főváros;Budapest
1046;Főváros;Budapest
1047;Főváros;Budapest
1048;Főváros;Budapest
1051;Főváros;Budapest
1052;Főváros;Budapest
1053;Főváros;Budapest
1054;Főváros;Budapest
1055;Főváros;Budapest
1056;Főváros;Budapest
1061;Főváros;Budapest
1062;Főváros;Budapest
1063;Főváros;Budapest
1064;Főváros;Budapest
1065;Főváros;Budapest
1066;Főváros;Budapest
1067;Főváros;Budapest
1068;Főváros;Budapest
1069;Főváros;Budapest
1071;Főváros;Budapest
1072;Főváros;Budapest
1073;Főváros;Budapest
1074;Főváros;Budapest
1075;Főváros;Budapest
1076;Főváros;Budapest
1077;Főváros;Budapest
1078;Főváros;Budapest
1081;Főváros;Budapest
1082;Főváros;Budapest
1083;Főváros;Budapest
1084;Főváros;Budapest
1085;Főváros;Budapest
1086;Főváros;Budapest
1087;Főváros;Budapest
1088;Főváros;Budapest
1089;Főváros;Budapest
1091;Főváros;Budapest
1092;Főváros;Budapest
1093;Főváros;Budapest
1094;Főváros;Budapest
1095;Főváros;Budapest
1096;Főváros;Budapest
1097;Főváros;Budapest
1098;Főváros;Budapest
1101;Főváros;Budapest
1102;Főváros;Budapest
1103;Főváros;Budapest
1104;Főváros;Budapest
1105;Főváros;Budapest
1106;Főváros;Budapest
1107;Főváros;Budapest
1108;Főváros;Budapest
1111;Főváros;Budapest
1112;Főváros;Budapest
1113;Főváros;Budapest
1114;Főváros;Budapest
1115;Főváros;Budapest
1116;Főváros;Budapest
1117;Főváros;Budapest
1118;Főváros;Budapest
1119;Főváros;Budapest
1121;Főváros;Budapest
1122;Főváros;Budapest
1123;Főváros;Budapest
1124;Főváros;Budapest
1125;Főváros;Budapest
1126;Főváros;Budapest
1131;Főváros;Budapest
1132;Főváros;Budapest
1133;Főváros;Budapest
1134;Főváros;Budapest
1135;Főváros;Budapest
1136;Főváros;Budapest
1137;Főváros;Budapest
1138;Főváros;Budapest
1139;Főváros;Budapest
1141;Főváros;Budapest
1142;Főváros;Budapest
1143;Főváros;Budapest
1144;Főváros;Budapest
1145;Főváros;Budapest
1146;Főváros;Budapest
1147;Főváros;Budapest
1148;Főváros;Budapest
1149;Főváros;Budapest
1151;Főváros;Budapest
1152;Főváros;Budapest
1153;Főváros;Budapest
1154;Főváros;Budapest
1155;Főváros;Budapest
1156;Főváros;Budapest
1157;Főváros;Budapest
1158;Főváros;Budapest
1161;Főváros;Budapest
1162;Főváros;Budapest
1163;Főváros;Budapest
1164;Főváros;Budapest
1165;Főváros;Budapest
1171;Főváros;Budapest
1172;Főváros;Budapest
1173;Főváros;Budapest
1174;Főváros;Budapest
1181;Főváros;Budapest
1182;Főváros;Budapest
1183;Főváros;Budapest
1184;Főváros;Budapest
1185;Főváros;Budapest
1186;Főváros;Budapest
1188;Főváros;Budapest
1191;Főváros;Budapest
1192;Főváros;Budapest
1193;Főváros;Budapest
1194;Főváros;Budapest
1195;Főváros;Budapest
1196;Főváros;Budapest
1201;Főváros;Budapest
1202;Főváros;Budapest
1203;Főváros;Budapest
1204;Főváros;Budapest
1205;Főváros;Budapest
1211;Főváros;Budapest
1212;Főváros;Budapest
1213;Főváros;Budapest
1214;Főváros;Budapest
1215;Főváros;Budapest
1221;Főváros;Budapest
1222;Főváros;Budapest
1223;Főváros;Budapest
1224;Főváros;Budapest
1225;Főváros;Budapest
1237;Főváros;Budapest
1238;Főváros;Budapest
1239;Főváros;Budapest
1529;Főváros;Budapest
6114;Bács-Kiskun;Bugac
6114;Bács-Kiskun;Bugacpusztaháza
2347;Pest;Bugyi
4483;Szabolcs-Szatmár-Bereg;Buj
3047;Nógrád;Buják
9737;Vas;Bük
9740;Vas;Bük
3422;Borsod-Abaúj-Zemplén;Bükkábrány
3554;Borsod-Abaúj-Zemplén;Bükkaranyos
3648;Borsod-Abaúj-Zemplén;Bükkmogyorósd
7682;Baranya;Bükkösd
3335;Heves;Bükkszék
3257;Heves;Bükkszenterzsébet
3557;Borsod-Abaúj-Zemplén;Bükkszentkereszt
3346;Heves;Bükkszentmárton
3414;Borsod-Abaúj-Zemplén;Bükkzsérc
7973;Baranya;Bürüs
7273;Somogy;Büssü
3821;Borsod-Abaúj-Zemplén;Büttös
8695;Somogy;Buzsák
9725;Vas;Cák
9165;Győr-Moson-Sopron;Cakóháza
7013;Fejér;Cece
4732;Szabolcs-Szatmár-Bereg;Cégénydányád
2700;Pest;Cegléd
2738;Pest;Cegléd
2737;Pest;Ceglédbercel
9500;Vas;Celldömölk
9541;Vas;Celldömölk
3123;Nógrád;Cered
9624;Vas;Chernelházadamonya
5462;Jász-Nagykun-Szolnok;Cibakháza
3973;Borsod-Abaúj-Zemplén;Cigánd
7161;Tolna;Cikó
9364;Győr-Moson-Sopron;Cirák
5551;Békés;Csabacsűd
5609;Békés;Csabaszabadi
2064;Fejér;Csabdi
8474;Veszprém;Csabrendek
9375;Győr-Moson-Sopron;Csáfordjánosfa
4967;Szabolcs-Szatmár-Bereg;Csaholc
8163;Veszprém;Csajág
8735;Somogy;Csákány
9919;Vas;Csákánydoroszló
8073;Fejér;Csákberény
8083;Fejér;Csákvár
6915;Csongrád;Csanádalberti
5662;Békés;Csanádapáca
6913;Csongrád;Csanádpalota
9654;Vas;Csánig
3015;Heves;Csány
7964;Baranya;Csányoszró
6647;Csongrád;Csanytelek
8756;Zala;Csapi
9372;Győr-Moson-Sopron;Csapod
5621;Békés;Csárdaszállás
7811;Baranya;Csarnóta
4844;Szabolcs-Szatmár-Bereg;Csaroda
2858;Komárom-Esztergom;Császár
6239;Bács-Kiskun;Császártöltés
4973;Szabolcs-Szatmár-Bereg;Császló
6523;Bács-Kiskun;Csátalja
8943;Zala;Csatár
5064;Jász-Nagykun-Szolnok;Csataszög
2888;Komárom-Esztergom;Csatka
6448;Bács-Kiskun;Csávoly
7935;Baranya;Csebény
3052;Nógrád;Csécse
4742;Szabolcs-Szatmár-Bereg;Csegöld
8445;Veszprém;Csehbánya
9833;Vas;Csehi
9834;Vas;Csehimindszent
2949;Komárom-Esztergom;Csém
2713;Pest;Csemő
9764;Vas;Csempeszkopács
6765;Csongrád;Csengele
4765;Szabolcs-Szatmár-Bereg;Csenger
4743;Szabolcs-Szatmár-Bereg;Csengersima
4764;Szabolcs-Szatmár-Bereg;Csengerújfalu
6222;Bács-Kiskun;Csengőd
9611;Vas;Csénye
3837;Borsod-Abaúj-Zemplén;Csenyéte
2946;Komárom-Esztergom;Csép
5475;Jász-Nagykun-Szolnok;Csépa
9735;Vas;Csepreg
9375;Győr-Moson-Sopron;Csér
7683;Baranya;Cserdi
7472;Somogy;Cserénfa
3413;Borsod-Abaúj-Zemplén;Cserépfalu
3417;Borsod-Abaúj-Zemplén;Cserépváralja
2694;Nógrád;Cserháthaláp
2676;Nógrád;Cserhátsurány
3066;Nógrád;Cserhátszentiván
5465;Jász-Nagykun-Szolnok;Cserkeszőlő
7673;Baranya;Cserkút
3648;Borsod-Abaúj-Zemplén;Csernely
8372;Zala;Cserszegtomaj
8951;Zala;Csertalakos
7900;Baranya;Csertő
8419;Veszprém;Csesznek
8973;Zala;Csesztreg
2678;Nógrád;Csesztve
8417;Veszprém;Csetény
2212;Pest;Csévharaszt
7225;Tolna;Csibrák
6424;Bács-Kiskun;Csikéria
7341;Tolna;Csikóstőttős
9127;Győr-Moson-Sopron;Csikvánd
3442;Borsod-Abaúj-Zemplén;Csincse
9836;Vas;Csipkerek
2673;Nógrád;Csitár
3848;Borsod-Abaúj-Zemplén;Csobád
3927;Borsod-Abaúj-Zemplén;Csobaj
2014;Pest;Csobánka
8999;Zala;Csöde
8495;Veszprém;Csögle
8074;Fejér;Csókakő
4145;Hajdú-Bihar;Csökmő
7526;Somogy;Csököly
7555;Somogy;Csokonyavisonta
3647;Borsod-Abaúj-Zemplén;Csokvaomány
2521;Komárom-Esztergom;Csolnok
6135;Bács-Kiskun;Csólyospálos
7253;Somogy;Csoma
2161;Pest;Csomád
7432;Somogy;Csombárd
8700;Somogy;Csömend
8957;Zala;Csömödér
2141;Pest;Csömör
9513;Vas;Csönge
6640;Csongrád;Csongrád
6648;Csongrád;Csongrád
8918;Zala;Csonkahegyhát
7940;Baranya;Csonkamindszent
8229;Veszprém;Csopak
8041;Fejér;Csór
9300;Győr-Moson-Sopron;Csorna
8873;Zala;Csörnyeföld
2135;Pest;Csörög
9962;Vas;Csörötnek
5920;Békés;Csorvás
8122;Fejér;Csősz
8558;Veszprém;Csót
2615;Pest;Csővár
8840;Somogy;Csurgó
8840;Somogy;Csurgónagymarton
7843;Baranya;Cún
2370;Pest;Dabas
2371;Pest;Dabas
2373;Pest;Dabas
8345;Veszprém;Dabronc
8485;Veszprém;Dabrony
2854;Komárom-Esztergom;Dad
2522;Komárom-Esztergom;Dág
8592;Veszprém;Dáka
7211;Tolna;Dalmand
3780;Borsod-Abaúj-Zemplén;Damak
3978;Borsod-Abaúj-Zemplén;Dámóc
2735;Pest;Dánszentmiklós
2118;Pest;Dány
9917;Vas;Daraboshegy
7988;Somogy;Darány
4737;Szabolcs-Szatmár-Bereg;Darnó
9232;Győr-Moson-Sopron;Darnózseli
2423;Fejér;Daruszentmiklós
4144;Hajdú-Bihar;Darvas
6524;Bács-Kiskun;Dávod
2694;Nógrád;Debercsény
4000;Hajdú-Bihar;Debrecen
4002;Hajdú-Bihar;Debrecen
4024;Hajdú-Bihar;Debrecen
4025;Hajdú-Bihar;Debrecen
4026;Hajdú-Bihar;Debrecen
4027;Hajdú-Bihar;Debrecen
4028;Hajdú-Bihar;Debrecen
4029;Hajdú-Bihar;Debrecen
4030;Hajdú-Bihar;Debrecen
4031;Hajdú-Bihar;Debrecen
4032;Hajdú-Bihar;Debrecen
4033;Hajdú-Bihar;Debrecen
4034;Hajdú-Bihar;Debrecen
4063;Hajdú-Bihar;Debrecen
4078;Hajdú-Bihar;Debrecen
4079;Hajdú-Bihar;Debrecen
4225;Hajdú-Bihar;Debrecen
3825;Borsod-Abaúj-Zemplén;Debréte
7144;Tolna;Decs
3643;Borsod-Abaúj-Zemplén;Dédestapolcsány
8135;Fejér;Dég
2649;Nógrád;Dejtár
2337;Pest;Délegyháza
4516;Szabolcs-Szatmár-Bereg;Demecser
3395;Heves;Demjén
7915;Baranya;Dencsháza
9365;Győr-Moson-Sopron;Dénesfa
4130;Hajdú-Bihar;Derecske
6621;Csongrád;Derekegyház
6772;Csongrád;Deszk
3834;Borsod-Abaúj-Zemplén;Detek
3275;Heves;Detk
5510;Békés;Dévaványa
8460;Veszprém;Devecser
7683;Baranya;Dinnyeberki
7072;Tolna;Diósberény
2049;Pest;Diósd
2643;Nógrád;Diósjenő
8764;Zala;Dióskál
7817;Baranya;Diósviszló
8482;Veszprém;Doba
9914;Vas;Döbörhegy
5624;Békés;Doboz
8874;Zala;Dobri
8357;Zala;Döbröce
7228;Tolna;Döbrököz
8989;Zala;Dobronhegy
8597;Veszprém;Döbrönte
6766;Csongrád;Dóc
4495;Szabolcs-Szatmár-Bereg;Döge
3627;Borsod-Abaúj-Zemplén;Domaháza
6781;Csongrád;Domaszék
5836;Békés;Dombegyház
5745;Békés;Dombiratos
7200;Tolna;Dombóvár
4492;Szabolcs-Szatmár-Bereg;Dombrád
2182;Pest;Domony
2027;Komárom-Esztergom;Dömös
3263;Heves;Domoszló
2344;Pest;Dömsöd
9147;Győr-Moson-Sopron;Dör
8244;Veszprém;Dörgicse
3374;Heves;Dormánd
2510;Komárom-Esztergom;Dorog
3153;Nógrád;Dorogháza
9913;Vas;Döröske
8799;Zala;Dötk
3721;Borsod-Abaúj-Zemplén;Dövény
9791;Vas;Dozmat
6342;Bács-Kiskun;Drágszél
7849;Baranya;Drávacsehi
7846;Baranya;Drávacsepely
7967;Baranya;Drávafok
7977;Somogy;Drávagárdony
7960;Baranya;Drávaiványi
7967;Baranya;Drávakeresztúr
7850;Baranya;Drávapalkonya
7843;Baranya;Drávapiski
7851;Baranya;Drávaszabolcs
7847;Baranya;Drávaszerdahely
7960;Baranya;Drávasztára
7979;Somogy;Drávatamási
2646;Nógrád;Drégelypalánk
3635;Borsod-Abaúj-Zemplén;Dubicsány
8416;Veszprém;Dudar
9556;Vas;Duka
2545;Komárom-Esztergom;Dunaalmás
2023;Pest;Dunabogdány
6323;Bács-Kiskun;Dunaegyháza
6513;Bács-Kiskun;Dunafalva
7020;Tolna;Dunaföldvár
2330;Pest;Dunaharaszti
2120;Pest;Dunakeszi
9225;Győr-Moson-Sopron;Dunakiliti
6328;Bács-Kiskun;Dunapataj
9235;Győr-Moson-Sopron;Dunaremete
9174;Győr-Moson-Sopron;Dunaszeg
7712;Baranya;Dunaszekcső
6333;Bács-Kiskun;Dunaszentbenedek
7135;Tolna;Dunaszentgyörgy
2897;Komárom-Esztergom;Dunaszentmiklós
9175;Győr-Moson-Sopron;Dunaszentpál
9226;Győr-Moson-Sopron;Dunasziget
6325;Bács-Kiskun;Dunatetétlen
2400;Fejér;Dunaújváros
2407;Fejér;Dunaújváros
2336;Pest;Dunavarsány
6087;Bács-Kiskun;Dunavecse
6353;Bács-Kiskun;Dusnok
7224;Tolna;Dúzs
9451;Győr-Moson-Sopron;Ebergőc
4211;Hajdú-Bihar;Ebes
9083;Győr-Moson-Sopron;Écs
3013;Heves;Ecséd
3053;Nógrád;Ecseg
5515;Békés;Ecsegfalva
7457;Somogy;Ecseny
2233;Pest;Ecser
7443;Somogy;Edde
3780;Borsod-Abaúj-Zemplén;Edelény
3783;Borsod-Abaúj-Zemplén;Edelény
9343;Győr-Moson-Sopron;Edve
3300;Heves;Eger
3304;Heves;Eger
7763;Baranya;Egerág
8497;Veszprém;Egeralja
8765;Zala;Egeraracsa
3321;Heves;Egerbakta
3337;Heves;Egerbocs
3341;Heves;Egercsehi
3379;Heves;Egerfarmos
3461;Borsod-Abaúj-Zemplén;Egerlövő
3394;Heves;Egerszalók
3757;Borsod-Abaúj-Zemplén;Égerszög
3328;Heves;Egerszólát
8913;Zala;Egervár
9684;Vas;Egervölgy
9314;Győr-Moson-Sopron;Egyed
4067;Hajdú-Bihar;Egyek
4069;Hajdú-Bihar;Egyek
3043;Nógrád;Egyházasdengeleg
9473;Győr-Moson-Sopron;Egyházasfalu
3185;Nógrád;Egyházasgerge
7824;Baranya;Egyházasharaszti
9554;Vas;Egyházashetye
9781;Vas;Egyházashollós
8523;Veszprém;Egyházaskesző
7347;Baranya;Egyházaskozár
9783;Vas;Egyházasrádóc
5742;Békés;Elek
7744;Baranya;Ellend
2424;Fejér;Előszállás
3432;Borsod-Abaúj-Zemplén;Emőd
3854;Borsod-Abaúj-Zemplén;Encs
3860;Borsod-Abaúj-Zemplén;Encs
4374;Szabolcs-Szatmár-Bereg;Encsencs
3165;Nógrád;Endrefalva
7973;Baranya;Endrőc
9143;Győr-Moson-Sopron;Enese
8130;Fejér;Enying
8131;Fejér;Enying
6624;Csongrád;Eperjes
4646;Szabolcs-Szatmár-Bereg;Eperjeske
8413;Veszprém;Eplény
2526;Komárom-Esztergom;Epöl
2451;Fejér;Ercsi
2453;Fejér;Ercsi
2030;Pest;Érd
2035;Pest;Érd
2036;Pest;Érd
3932;Borsod-Abaúj-Zemplén;Erdőbénye
3935;Borsod-Abaúj-Zemplén;Erdőhorváti
2113;Pest;Erdőkertes
3252;Heves;Erdőkövesd
2176;Nógrád;Erdőkürt
7735;Baranya;Erdősmárok
7723;Baranya;Erdősmecske
2177;Nógrád;Erdőtarcsa
3358;Heves;Erdőtelek
3295;Heves;Erk
4245;Szabolcs-Szatmár-Bereg;Érpatak
6347;Bács-Kiskun;Érsekcsanád
6348;Bács-Kiskun;Érsekhalma
2659;Nógrád;Érsekvadkert
7093;Tolna;Értény
7661;Baranya;Erzsébet
4124;Hajdú-Bihar;Esztár
8882;Zala;Eszteregnye
8742;Zala;Esztergályhorváti
2500;Komárom-Esztergom;Esztergom
2509;Komárom-Esztergom;Esztergom
2947;Komárom-Esztergom;Ete
3136;Nógrád;Etes
2091;Fejér;Etyek
4354;Szabolcs-Szatmár-Bereg;Fábiánháza
6625;Csongrád;Fábiánsebestyén
7136;Tolna;Fácánkert
7133;Tolna;Fadd
7139;Tolna;Fadd
3865;Borsod-Abaúj-Zemplén;Fáj
6352;Bács-Kiskun;Fajsz
3855;Borsod-Abaúj-Zemplén;Fancsal
9321;Győr-Moson-Sopron;Farád
8582;Veszprém;Farkasgyepű
3608;Borsod-Abaúj-Zemplén;Farkaslyuk
2765;Pest;Farmos
7732;Baranya;Fazekasboda
3255;Heves;Fedémes
5213;Jász-Nagykun-Szolnok;Fegyvernek
5231;Jász-Nagykun-Szolnok;Fegyvernek
4900;Szabolcs-Szatmár-Bereg;Fehérgyarmat
9163;Győr-Moson-Sopron;Fehértó
8052;Fejér;Fehérvárcsurgó
7724;Baranya;Feked
9211;Győr-Moson-Sopron;Feketeerdő
8086;Fejér;Felcsút
3352;Heves;Feldebrő
6645;Csongrád;Felgyő
9122;Győr-Moson-Sopron;Felpéc
3985;Borsod-Abaúj-Zemplén;Felsőberecki
9794;Vas;Felsőcsatár
3847;Borsod-Abaúj-Zemplén;Felsődobsza
7370;Baranya;Felsőegerszeg
3837;Borsod-Abaúj-Zemplén;Felsőgagy
9934;Vas;Felsőjánosfa
3722;Borsod-Abaúj-Zemplén;Felsőkelecsény
6055;Bács-Kiskun;Felsőlajos
9918;Vas;Felsőmarác
7456;Somogy;Felsőmocsolád
7175;Tolna;Felsőnána
3721;Borsod-Abaúj-Zemplén;Felsőnyárád
7099;Tolna;Felsőnyék
8227;Veszprém;Felsőörs
8380;Zala;Felsőpáhok
2363;Pest;Felsőpakony
2611;Nógrád;Felsőpetény
8767;Zala;Felsőrajk
3989;Borsod-Abaúj-Zemplén;Felsőregmec
8973;Zala;Felsőszenterzsébet
6447;Bács-Kiskun;Felsőszentiván
7968;Baranya;Felsőszentmárton
9985;Vas;Felsőszölnök
3324;Heves;Felsőtárkány
3735;Borsod-Abaúj-Zemplén;Felsőtelekes
3067;Nógrád;Felsőtold
3814;Borsod-Abaúj-Zemplén;Felsővadász
3561;Borsod-Abaúj-Zemplén;Felsőzsolca
4621;Szabolcs-Szatmár-Bereg;Fényeslitke
8432;Győr-Moson-Sopron;Fenyőfő
6774;Csongrád;Ferencszállás
9493;Győr-Moson-Sopron;Fertőboz
9431;Győr-Moson-Sopron;Fertőd
9433;Győr-Moson-Sopron;Fertőd
9442;Győr-Moson-Sopron;Fertőendréd
9492;Győr-Moson-Sopron;Fertőhomok
